65,Tom Brady
63,Calvin Johnson
62,Nick Mangold
61,Louis Delmas
58,Chris Johnson
56,Johnathan Joseph
53,Andre Johnson
52,Percy Harvin
52,Brian Cushing
51,Roddy White
46,Wes Welker
46,Kyle Williams
46,Ed Reed
46,Chris Clemons
45,Julian Edelman
45,Clay Matthews
45,Ahmad Bradshaw
44,Jonathan Stewart
44,Adrian Peterson
43,Patrick Chung
43,Mario Manningham
43,LaRon Landry
42,Darryl Sharpton
41,Sebastian Vollmer
41,Ryan Pickett
41,Frank Gore
41,Daniel Connolly
41,Curtis Lofton
41,Cullen Jenkins
41,Clint Session
41,Chris Owens
41,Ben Tate
41,Arian Foster
40,Tracy Porter
40,Todd Heap
40,Mario Williams
40,DeMarcus Ware
40,Charles Woodson
39,Winston Justice
39,Owen Daniels
39,Marshawn Lynch
38,Kyle Arrington
38,Kellen Winslow
38,Frostee Rucker
38,Eddie Royal
37,Kevin Walter
37,Josh Cribbs
37,Jonathan Babineaux
37,Jay Ratliff
36,Zach Miller
36,Troy Polamalu
36,Koa Misi
36,Dannell Ellerbe
36,Chris Houston
36,Chad Clifton
35,Reggie Bush
35,Mark Sanchez
35,Joel Dreessen
35,Charlie Johnson
35,Calvin Pace
34,Wade Smith
34,Tony Romo
34,Terrell Suggs
34,Richard Seymour
34,Osi Umenyiora
34,NaVorro Bowman
34,Mike DeVito
34,Michael Crabtree
34,Lance Briggs
34,Jarret Johnson
34,Greg Toler
34,Darren McFadden
34,Chris Kuper
33,Shaun Cody
33,Haloti Ngata
33,David Baas
33,Chris Canty
33,Brandon Marshall
32,Samson Satele
32,Ryan Mathews
32,Matt Slater
32,Jonathan Vilma
32,John Abraham
32,Dimitri Patterson
32,Chris Ivory
32,Antonio Cromartie
32,Anthony Fasano
31,Sidney Rice
31,Shaun Rogers
31,Michael Bennett
31,Matt Slauson
31,Lance Moore
31,Justin Tuck
31,Hakeem Nicks
31,Cecil Shorts
31,Brandon Spikes
31,Aqib Talib
30,Vontae Davis
30,Tharold Simon
30,Terence Newman
30,Sione Pouha
30,Roy Miller
30,Rob Gronkowski
30,Patrick Willis
30,Kenrick Ellis
30,Jammal Brown
30,James Ihedigbo
30,Garrett Graham
30,Dwight Freeney
30,Dez Bryant
30,David Bruton
30,Cortland Finnegan
30,Chris Harris
30,Brandon Flowers
30,Brad Smith
30,Asante Samuel
30,Antonio Smith
30,Albert Haynesworth
29,Willie Colon
29,Trent Williams
29,Tavares Gooden
29,Michael Vick
29,Kenyon Coleman
29,Julio Jones
29,Jonathan Goodwin
29,Joe Reitz
29,Jeremy Maclin
29,Carlos Rogers
29,Bernard Scott
29,Beanie Wells
29,Antoine Winfield
28,Tarell Brown
28,Steve Smith
28,Steven Jackson
28,Rolando McClain
28,Rashard Mendenhall
28,Nick Cole
28,Mike Adams
28,Karlos Dansby
28,Justin Smith
28,Justin Durant
28,Joseph Addai
28,Jason Hatcher
28,James Harrison
28,Dont'a Hightower
28,Derek Newton
28,Chris Cook
27,Victor Abiamiri
27,Shane Vereen
27,Raymond Ventrone
27,Pierre Garcon
27,Mike Pollak
27,Michael Adams
27,Josh Wilson
27,Jeromey Clary
27,Harry Douglas
27,Dominique Rodgers-Cromartie
27,Dashon Goldson
27,Cory Redding
27,Corey Webster
27,Cliff Avril
27,Chris Myers
27,Carlos Dunlap
27,Akeem Jordan
27,Aaron Ross
26,Tamba Hali
26,Shaun Ellis
26,Pierre Thomas
26,Nnamdi Asomugha
26,Myron Pryor
26,Mike Williams
26,Maurice Jones-Drew
26,Lawrence Vickers
26,Knowshon Moreno
26,Kerry Rhodes
26,Kendrick Lewis
26,Jeremy Kerley
26,James Starks
26,Jamarca Sanford
26,Greg Scruggs
26,Frank Zombo
26,DeSean Jackson
26,Demaryius Thomas
26,David Harris
26,Brice McCain
26,Brian Dawkins
26,Branden Albert
25,Tom Zbikowski
25,Steve Johnson
25,Shawn Lauvao
25,Santonio Holmes
25,Sam Baker
25,Roman Harper
25,Rodger Saffold
25,Nolan Carroll
25,Mike Neal
25,Mike Iupati
25,Mike Brisiel
25,King Dunlap
25,Joey Porter
25,Felix Jones
25,Eric Wright
25,Charles Tillman
25,Brandon Stokley
25,Brandon Moore
25,Adam Snyder
25,Adam Koets
25,Adam Jones
24,Usama Young
24,Ray McDonald
24,Rashean Mathis
24,Nate Allen
24,Mychal Kendricks
24,Miles Austin
24,Michael Mitchell
24,Michael Boley
24,Malcom Floyd
24,Josh Sitton
24,John Sullivan
24,Jairus Byrd
24,Greg Jones
24,Greg Jennings
24,George Selvie
24,Donald Brown
24,Desmond Bryant
24,DeAndre Levy
24,David Reed
24,David Hawthorne
24,Danny Amendola
24,Byron Maxwell
24,Brett Keisel
24,Brandon Lloyd
24,Ben Watson
24,Antonio Gates
24,Andre Smith
23,Vincent Jackson
23,Tony Pashos
23,Tim Dobbins
23,Thomas Davis
23,Takeo Spikes
23,Shiloh Keo
23,Sherrick McManis
23,Shawne Merriman
23,Sammie Lee Hill
23,Ron Brace
23,Rashad Johnson
23,Kenny Britt
23,Juqua Parker
23,Jordan Cameron
23,Jimmy Wilson
23,Jerod Mayo
23,Jeremy Shockey
23,Jared Gaither
23,Jacoby Jones
23,Glover Quin
23,Gerald Sensabaugh
23,Eric Smith
23,Eric Decker
23,DeAngelo Hall
23,Darrelle Revis
23,Corey Williams
23,Anthony Davis
23,Alan Ball
22,William Moore
22,Turk McBride
22,Terrence Cody
22,Steve Breaston
22,Stanley Havili
22,Sean Weatherspoon
22,Reggie Wayne
22,Paris Lenon
22,Muhammad Wilkerson
22,Mohamed Massaquoi
22,Mike Jenkins
22,Matt Hasselbeck
22,Marquice Cole
22,Marcus Gilbert
22,Malcolm Jenkins
22,Keith Rivers
22,Jesse Nading
22,Jason Jones
22,Jahvid Best
22,Jahri Evans
22,Duane Brown
22,Donnie Avery
22,Derek Cox
22,Dekoda Watson
22,Dave Zastudil
22,Darrius Heyward-Bey
22,Colin McCarthy
22,Chris Crocker
22,Charles Johnson
22,Champ Bailey
22,Bryan Thomas
22,Brandon Myers
22,Brandon Jacobs
22,Anthony Sherman
21,Zeke Motta
21,William Hayes
21,Victor Butler
21,Vernon Davis
21,Todd Herremans
21,Terrence McGee
21,Steve Gregory
21,Stephen Nicholas
21,Stephen Hill
21,Shaun Phillips
21,Sebastian Janikowski
21,Rob Housler
21,Riley Cooper
21,Rey Maualuga
21,Phil Loadholt
21,Peyton Hillis
21,Nick McDonald
21,Mike Scifres
21,Michael Huff
21,Matt Schaub
21,Logan Mankins
21,Larry Fitzgerald
21,Kelvin Hayden
21,Jerel Worthy
21,Jason Allen
21,James Casey
21,Erin Henderson
21,Erik Walden
21,Emmanuel Sanders
21,Devin Hester
21,DeMarco Murray
21,DeAngelo Williams
21,David Thornton
21,Darnell Dockett
21,Dane Fletcher
21,Corey Liuget
21,Chris Kelsay
21,Chris Culliver
21,Chris Carr
21,Brett Favre
21,Brandon Pettigrew
21,Brad Jones
21,Bradie James
21,Bernard Pollard
21,Anthony Spencer
21,Aaron Hernandez
20,Zach Strief
20,Willis McGahee
20,Walter Thurmond
20,Vontaze Burfict
20,Tyson Alualu
20,T.J. Ward
20,Roy Williams
20,Nick Fairley
20,Max Unger
20,Major Wright
20,Louis Vasquez
20,LeSean McCoy
20,LaRod Stephens-Howling
20,LaMarr Woodley
20,Kam Chancellor
20,Julius Thomas
20,Jonathan Casillas
20,Jimmy Graham
20,Jim Leonhard
20,Jermichael Finley
20,Jeff Cumberland
20,Jason Peters
20,Jared Allen
20,Jamaal Charles
20,Gary Brackett
20,Ernie Sims
20,David Stewart
20,Daryn Colledge
20,Da'Quan Bowers
20,Christian Ponder
20,Chaz Schilens
20,Chase Blackburn
20,Charles Clay
20,Carson Palmer
20,Ben Roethlisberger
20,Atari Bigby
20,Antoine Caldwell
20,Aaron Williams
19,Wesley Woodyard
19,Tyvon Branch
19,Trent Richardson
19,Tracy White
19,T.J. Yates
19,Steve McLendon
19,Shonn Greene
19,Sean Richardson
19,Sean Lee
19,Scott Fujita
19,Robert Mathis
19,Nick Perry
19,Miles Burris
19,Mark Ingram
19,Marion Barber
19,Lorenzo Alexander
19,Kenny Iwebema
19,Joe McKnight
19,Jimmy Smith
19,Jerricho Cotchery
19,Jerraud Powers
19,Jabari Greer
19,Garrett Celek
19,Eugene Sims
19,Dwight Lowery
19,Donald Driver
19,Donald Butler
19,DeMeco Ryans
19,Davon House
19,Darius Fleming
19,Daniel Thomas
19,Damian Williams
19,Clint Ingram
19,C.J. Spiller
19,Chris Polk
19,Calais Campbell
19,Brooks Reed
19,Brody Eldridge
19,Brian Leonard
19,Brent Celek
19,Brandon LaFell
19,Antwan Barnes
19,Antoine Bethea
19,Anquan Boldin
19,A.J. Green
19,Ahtyba Rubin
18,Wallace Gilberry
18,Tyson Clabo
18,Travis Johnson
18,T.J. Lang
18,Taiwan Jones
18,Scott Wells
18,Sam Shields
18,Sammie Stroughter
18,Samari Rolle
18,Ryan Lilja
18,Ryan Diem
18,Rob Ninkovich
18,Robert Brewster
18,Rashad Jennings
18,Peyton Manning
18,Pernell McPhee
18,Pat Sims
18,Nate Clements
18,Mike Wallace
18,Michael Turner
18,Michael Hoomanawanui
18,Matt Lawrence
18,Matthew Stafford
18,Marques Colston
18,Marcus Trufant
18,Marcel Reece
18,London Fletcher
18,Justin King
18,Jon McGraw
18,Jonas Gray
18,Jeron Johnson
18,Jermon Bushrod
18,Jason Snelling
18,Jason Avant
18,Jake Long
18,Jake Locker
18,Jacob Tamme
18,Israel Idonije
18,Greg Romeus
18,Garrett McIntyre
18,Earl Mitchell
18,Dwan Edwards
18,Donovan McNabb
18,Donald Strickland
18,Dexter McCluster
18,Demetress Bell
18,David Bowens
18,Darian Stewart
18,Craig Stevens
18,Clyde Gates
18,Bryan Braman
18,Bart Scott
18,Andre Ellington
18,Alfonzo Dennard
18,Alex Smith
18,Aaron Rodgers
17,Zac Robinson
17,Travis Beckum
17,T.J. Jones
17,Tim Jennings
17,Tank Johnson
17,Steve Hutchinson
17,Sheldon Brown
17,Shareece Wright
17,Sen'Derrick Marks
17,Robert Geathers
17,Reshad Jones
17,Quintin Demps
17,Phil Costa
17,Nick Hardwick
17,Mike Pouncey
17,Mike Goodson
17,Michael Johnson
17,Michael Griffin
17,Matt Asiata
17,Marshal Yanda
17,Lawrence Jackson
17,Kyle Love
17,Kenny Phillips
17,Keenan Lewis
17,Jon Beason
17,Jonathan Scott
17,Johnny Knox
17,Jermaine Gresham
17,Jeff Tarpinian
17,Jameel McClain
17,Jacob Lacey
17,Floyd Womack
17,E.J. Henderson
17,Earl Bennett
17,DeVier Posey
17,Derrick Mason
17,Derek Sherrod
17,Denarius Moore
17,Delanie Walker
17,Darius Butler
17,Darell Scott
17,Dan Skuta
17,Clark Haggans
17,Chris Pressley
17,Chris Greenwood
17,Chad Greenway
17,Brian Orakpo
17,Braylon Edwards
17,Arthur Jones
17,Antwan Applewhite
17,Amari Spievey
16,Tony McDaniel
16,Tony Brown
16,Stephen Bowen
16,Sharrif Floyd
16,Sean Smith
16,Sean Lissemore
16,Quinton Carter
16,Nate Washington
16,Nate Ebner
16,Morris Claiborne
16,Mike Tolbert
16,Melvin Ingram
16,Matt Birk
16,Martellus Bennett
16,Marcedes Lewis
16,Letroy Guion
16,Larry Foote
16,Lardarius Webb
16,Kyle Rudolph
16,Kedric Golston
16,Kareem Jackson
16,Kamerion Wimbley
16,Kaleb Ramsey
16,Jon Asamoah
16,J.J. Watt
16,Jim Dray
16,Jason Pierre-Paul
16,James Laurinaitis
16,Greg Olsen
16,Greg Childs
16,Grady Jackson
16,Geno Hayes
16,Dwayne Bowe
16,Devin McCourty
16,Deion Branch
16,Dan Williams
16,Corey Peters
16,Chris Williams
16,Chimdi Chekwa
16,Chandler Jones
16,Cedric Benson
16,Bruce Miller
16,Brodrick Bunkley
16,Brandon Bolden
16,Bernard Berrian
16,Ashlee Palmer
16,Antrel Rolle
16,Andrew Whitworth
16,Aldon Smith
16,Aaron Berry
15,Xavier Adibi
15,Will Svitek
15,Virgil Green
15,Trevor Scott
15,Tramaine Brock
15,Tony Gonzalez
15,Tommie Harris
15,Toby Gerhart
15,Spencer Johnson
15,Shawn Nelson
15,Shaun O'Hara
15,Sean Considine
15,Ropati Pitoitua
15,Robert Royal
15,Robert Gallery
15,Ray Rice
15,Quentin Groves
15,Pat Angerer
15,Nick Kaczur
15,Na'il Diggs
15,Michael Robinson
15,Michael Jenkins
15,Menelik Watson
15,Mason Foster
15,Louis Murphy
15,Kevin Zeitler
15,Kevin Smith
15,Kavell Conner
15,John Henderson
15,Joe Mays
15,Jerrell Freeman
15,J.C. Tretter
15,Jason Fox
15,Jason Campbell
15,Jamey Richard
15,James Sanders
15,James-Michael Johnson
15,Jamari Lattimore
15,Jake Ballard
15,Jacquian Williams
15,Husain Abdullah
15,Hugh Thornton
15,Greg Salas
15,Gosder Cherilus
15,Glenn Dorsey
15,Ezekiel Ansah
15,Eric Wood
15,Early Doucet
15,Dee Milliner
15,Davin Joseph
15,David Ausberry
15,Daryl Smith
15,Darren Sharper
15,Darrell Stuckey
15,Da'Norris Searcy
15,Danny McCray
15,Chris White
15,Chris Spencer
15,Chris Scott
15,Chris Long
15,Chris Kemoeatu
15,Chris Conte
15,Chris Baker
15,Bryant McFadden
15,Brandon Graham
15,Bilal Powell
15,Bernard Pierce
15,Antone Smith
15,Andy Levitre
14,Wayne Hunter
14,Vonta Leach
14,Tom Johnson
14,Shawn Springs
14,Sedrick Ellis
14,Ryan Tannehill
14,Ryan Clady
14,Rex Hadnot
14,Reggie Walker
14,Ray Lewis
14,Ray Edwards
14,Patrick Bailey
14,Nick Hayden
14,Nick Collins
14,Mike Patterson
14,Maurkice Pouncey
14,Matt Shaughnessy
14,Marvin Mitchell
14,Marlon Moore
14,Marcus Cannon
14,Leon Washington
14,Legedu Naanee
14,Kyle Kosier
14,Kraig Urbik
14,Keyunta Dawson
14,Kevin Boss
14,Kaluka Maiava
14,Josh Barrett
14,Jonathan Baldwin
14,Joe Thomas
14,Joe Staley
14,Jeff Saturday
14,Jeff Otah
14,Jeff Faine
14,J.D. Walton
14,Jason Spitz
14,Jabaal Sheard
14,Hiram Eugene
14,Geoff Hangartner
14,Evan Dietrich-Smith
14,Eben Britton
14,D.J. Williams
14,D.J. Fluker
14,Derrick Martin
14,David Thomas
14,Damien Woody
14,Charles Godfrey
14,Cedric Griffin
14,Captain Munnerlyn
14,Brandon Gibson
14,Brandon Deaderick
14,Brandon Browner
14,Barkevious Mingo
14,Austin Howard
14,Asher Allen
14,Anthony Hill
14,Akeem Dent
14,Aaron Kampman
13,Will Davis
13,Visanthe Shiancoe
13,Tony Fiammetta
13,Tommy Kelly
13,Todd McClure
13,Terrell Thomas
13,Tarvaris Jackson
13,Stevenson Sylvester
13,Stephen Burton
13,Ryan Wendell
13,Ryan Clark
13,Russell Okung
13,Rodney Smith
13,Phil Taylor
13,Paul Soliai
13,Paul Posluszny
13,Paul Kruger
13,Neil Rackers
13,Mike Sims-Walker
13,Mike Sellers
13,Mike Hart
13,Maurice Stovall
13,Mark Clayton
13,Marcus Hudson
13,Marcell Dareus
13,Marc Colombo
13,Lofa Tatupu
13,Laurent Robinson
13,Kyle Orton
13,Khalif Barnes
13,Kevin Williams
13,Kevin Burnett
13,Juwan Thompson
13,Justin Rogers
13,Junior Galette
13,Josh Freeman
13,Josh Brent
13,Jerome Felton
13,Jeremy Zuttah
13,Jayron Hosley
13,Jason Smith
13,Jason Hunter
13,Jarrad Page
13,Jamell Fleming
13,Jake Delhomme
13,Harrison Smith
13,Fred Taylor
13,Fred Jackson
13,Eugene Monroe
13,Eric Berry
13,Eli Manning
13,Dwayne Harris
13,Dre Kirkpatrick
13,Donte Whitner
13,Dontay Moch
13,Don Carey
13,Dewayne White
13,Darrin Walls
13,Darcel McBath
13,Colt Anderson
13,Buster Skrine
13,Bryan Bulaga
13,Brian Robison
13,Brandon Ghee
13,Brandon Chillar
13,Brandon Boykin
13,Brandon Banks
13,B.J. Raji
13,Andy Lee
13,Alex Green
13,Aaron Curry
12,Zackary Bowman
12,Will Herring
12,Von Miller
12,Ty Warren
12,Tyronne Green
12,T.Y. Hilton
12,Trevor Laws
12,Trent Cole
12,Tim Jamison
12,Terrence Wheatley
12,Ted Ginn
12,Taylor Mays
12,Spencer Larsen
12,Sio Moore
12,Shaun Hill
12,Saverio Rocca
12,Sam Bradford
12,Rob Sims
12,Robert Meachem
12,Robert Ayers
12,Robaire Smith
12,Rich Ohrnberger
12,Richard Marshall
12,Rhett Ellison
12,Peria Jerry
12,Patrick Robinson
12,Orlando Franklin
12,Nick Barnett
12,Mike Wright
12,Mike Mohamed
12,Michael Otto
12,Marquise Goodwin
12,Markus Kuhn
12,Mario Haggan
12,Marcus Dixon
12,Marcus Benard
12,Malcolm Smith
12,LaDainian Tomlinson
12,Kyle Moore
12,Korey Hall
12,Kevin Kolb
12,Kayvon Webster
12,Justin Forsett
12,Josh Morgan
12,John St. Clair
12,Johnny Jolly
12,John Gilmore
12,Jerious Norwood
12,Jarvis Green
12,Jared Odrick
12,Jared Cook
12,James Hardy
12,James Anderson
12,Henry Melton
12,Gerald Hayes
12,Fred Evans
12,Fili Moala
12,Elvis Dumervil
12,Elbert Mack
12,Dustin Keller
12,Dunta Robinson
12,Drew Davis
12,Donnie Jones
12,Donald Lee
12,Desmond Bishop
12,David Diehl
12,Colt McCoy
12,Clay Harbor
12,C.J. Wilson
12,Chris Kluwe
12,Chris Gamble
12,Chad Johnson
12,Carl Nicks
12,Cameron Fleming
12,Brian Hartline
12,Brendon Ayanbadejo
12,Brandon Siler
12,Brandon Meriweather
12,Billy Winn
12,BenJarvus Green-Ellis
12,Ben Grubbs
12,Arnaz Battle
12,Antonio Bryant
12,Anthony Gonzalez
12,Anthony Allen
12,Andre Branch
12,Amini Silatolu
12,Albert McClellan
12,Ahmad Brooks
11,Zaviar Gooden
11,Yeremiah Bell
11,Xavier Rhodes
11,Will Peterson
11,Vernon Carey
11,Vance McDonald
11,Travis Goethel
11,Torrey Smith
11,Tony Ugoh
11,Tony Scheffler
11,Stephon Heyer
11,Shea McClellin
11,Shawntae Spencer
11,Richard Gordon
11,Red Bryant
11,Quinton Coples
11,Quentin Jammer
11,Phillip Buchanon
11,Philip Wheeler
11,Nick Bellore
11,Montell Owens
11,Mike Caussin
11,Matt Spaeth
11,Matt Light
11,Marvin Jones
11,Marshall Newhouse
11,Mark Setterstrom
11,Mark Herzlich
11,Luke Stocker
11,Lito Sheppard
11,Leon Hall
11,Leonard Hankerson
11,Leodis McKelvin
11,Leigh Bodden
11,Lamar Miller
11,Kendall Wright
11,Kareem Moore
11,Jordy Nelson
11,Jonathan Fanene
11,John Hughes
11,John Greco
11,John Chick
11,Joe Haden
11,Jeremy Trueblood
11,Jeremy Mincey
11,Jah Reid
11,Jacoby Ford
11,Greg Hardy
11,Greg Ellis
11,Earnest Graham
11,Domenik Hixon
11,Domata Peko
11,Derrick Ward
11,Demarcus Dobbs
11,David Nelson
11,Darryl Tapp
11,Darius Reynaud
11,Dante Rosario
11,Daniel Fells
11,Dan Connor
11,Cortez Allen
11,Corey Hilliard
11,Chykie Brown
11,Chris Snee
11,Chris Carter
11,Charles Brown
11,Channing Crowder
11,Cedric Peerman
11,Brian Waters
11,Brent Grimes
11,Breno Giacomini
11,Brandon Hogan
11,Bobby McCray
11,Blidi Wreh-Wilson
11,Barrett Ruud
11,Austin Collie
11,Anthony Waters
11,Anthony Herrera
11,Anthony Hargrove
11,Andre Holmes
11,Alex Mack
11,Akiem Hicks
11,Akeem Spence
11,Aaron Francisco
10,Will Rackley
10,Willie Young
10,Vince Wilfork
10,Vincent Brown
10,Vance Walker
10,Uche Nwaneri
10,Tyrunn Walker
10,Tyrell Sutton
10,Tully Banta-Cain
10,Trindon Holliday
10,Travis Lewis
10,Travis Kelce
10,Tim Bulman
10,Tashaun Gipson
10,Steve Weatherford
10,Steve Neal
10,Stephen Cooper
10,Shamarko Thomas
10,Sergio Brown
10,Scott Shanle
10,Sammy Watkins
10,Ryan Mouton
10,Ryan Cook
10,Ruvell Martin
10,Ronald Bartell
10,Richard Sherman
10,Reggie Wells
10,Rashied Davis
10,Quincy Black
10,Prince Amukamara
10,Omar Bolden
10,O.J. Atogwe
10,O'Brien Schofield
10,Nate Solder
10,Nate Burleson
10,Morgan Burnett
10,Moise Fokou
10,Mister Alexander
10,Mike McGlynn
10,Mike Harris
10,Mike Bell
10,Michael Oher
10,Max Jean-Gilles
10,Matt Toeaina
10,Matt Roth
10,Matt Giordano
10,Matt Forte
10,Mat McBriar
10,Mark Tauscher
10,Mark LeVoir
10,Lestar Jean
10,Leroy Harris
10,Le'Ron McClain
10,Lee Evans
10,LaAdrian Waddle
10,Kurt Coleman
10,Kevin Faulk
10,Kevin Dockery
10,Kellen Davis
10,Justin Smiley
10,Julius Peppers
10,Josh Robinson
10,Josh Gordy
10,Josh Evans
10,Jon Stinchcomb
10,Jonathan Freeny
10,Joique Bell
10,Johnny Patrick
10,John Kuhn
10,John Conner
10,John Carlson
10,Jeremy Lane
10,Jelani Jenkins
10,Jeff Allen
10,Jason Worilds
10,Jason Phillips
10,Jarrett Bush
10,Jarius Wynn
10,James Brewer
10,Jamar Taylor
10,Jack Crawford
10,Isaac Redman
10,Harvey Dahl
10,Gerald McCoy
10,Erik Coleman
10,Eric Winston
10,Ellis Lankster
10,E.J. Biggers
10,Eddie Pleasant
10,Eddie Lacy
10,Ed Dickson
10,Dwayne Gratz
10,Drew Stanton
10,D'Qwell Jackson
10,Doug Baldwin
10,Donte' Stallworth
10,Dominique Easley
10,D.J. Hayden
10,Dion Sims
10,Devon Still
10,Desmond Clark
10,Deon Butler
10,Darrel Young
10,Danny Ware
10,Daniel Muir
10,Damon Harrison
10,Craig Dahl
10,Courtney Greene
10,Cooper Helfet
10,Clinton McDonald
10,Chris Ogbonnaya
10,Chris Hairston
10,Charlie Peprah
10,Chad Rinehart
10,Cam Newton
10,Cadillac Williams
10,Bruce Carter
10,Brian Urlacher
10,Brandon Mebane
10,Brandon McGee
10,Brandon Brooks
10,Brady Poppinga
10,Brad Meester
10,Bradley Fletcher
10,Blaine Gabbert
10,Bill Bentley
10,Asa Jackson
10,Antwaun Molden
10,Antonio Johnson
10,Antonio Allen
10,Andrew Sendejo
10,Andrew Hawkins
10,Andre Gurode
10,Andre Fluellen
10,Alphonso Smith
10,Al Harris
10,Al Afalava
10,Adam Hayward
10,Aaron Dobson
9,Will Witherspoon
9,Will Montgomery
9,Will Blackmon
9,Travis Benjamin
9,Tom Crabtree
9,Thomas Austin
9,Taylor Price
9,Sheldon Richardson
9,Sean Spence
9,Sean Morey
9,Scott Chandler
9,Ryan Torain
9,Ron Brooks
9,Ronald Talley
9,Robert Griffin
9,Reggie Nelson
9,Randall Gay
9,Ramses Barden
9,Ramon Humber
9,Plaxico Burress
9,Pisa Tinoisamoa
9,Phil Dawson
9,Patrick Peterson
9,Patrick Lee
9,Oday Aboushi
9,Nate Garner
9,Morgan Trent
9,Montario Hardesty
9,Michael Palmer
9,Michael Lewis
9,Melvin Bullitt
9,Matt Willis
9,Matt Moore
9,Martez Wilson
9,Marlon Brown
9,Mark Anderson
9,Manuel Ramirez
9,Manti Te'o
9,Manny Lawson
9,LeGarrette Blount
9,Lavonte David
9,Larry English
9,Kory Lichtensteiger
9,Kolby Smith
9,Kevin Kowalski
9,Kevin Bentley
9,Kerry Collins
9,Keenan Allen
9,Justin Blalock
9,Juron Criner
9,Junior Hemingway
9,Julius Jones
9,Josh Mauga
9,Jordan Pugh
9,Jordan Mills
9,Jonathan Wilhite
9,Jaymes Brooks
9,Jay Cutler
9,Jason Taylor
9,James Lee
9,James Hall
9,James Carpenter
9,Jamal Lewis
9,Jahleel Addae
9,Jacob Hester
9,Isaiah Ekejiuba
9,Hines Ward
9,Heath Miller
9,Guy Whimper
9,Geno Smith
9,Gary Guyton
9,Evan Mathis
9,Erik Lorig
9,Eric Fisher
9,Edgar Jones
9,Drake Nevis
9,D.J. Swearinger
9,Derrick Morgan
9,Derek Wolfe
9,De'Andre Presley
9,DeAndre Hopkins
9,Davone Bess
9,David Gettis
9,Darren Sproles
9,Danny Woodhead
9,Danieal Manning
9,Dan Carpenter
9,Danario Alexander
9,Dallas Clark
9,Corey Wootton
9,Connor Barwin
9,C.C. Brown
9,Byron Leftwich
9,Bryant McKinnie
9,Bruce Gradkowski
9,Brian Westbrook
9,Brian Price
9,Blake Costanzo
9,Ben Hartsock
9,Barry Church
9,Austin Pasztor
9,Anthony Smith
9,Andrew Quarless
9,Andrew Luck
9,Alterraun Verner
9,Alex Boone
8,Zach Diles
8,Will Allen
8,Whitney Mercilus
8,Vlad Ducasse
8,Vince Young
8,Victor Harris
8,Tyron Smith
8,Tyler Brayton
8,Travelle Wharton
8,Torell Troup
8,Tony Moeaki
8,Tom Santi
8,Tom Nelson
8,Titus Young
8,Tim Tebow
8,Timmy Jernigan
8,Thomas Howard
8,Theo Riddick
8,Terrell Owens
8,Tank Carder
8,Tanard Jackson
8,Sterling Moore
8,Stephen Spach
8,Stephen Paea
8,Ryan O'Callaghan
8,Roy Lewis
8,Robert Turner
8,Roberto Garza
8,Rob Bironas
8,Reed Doughty
8,Rashaan Melvin
8,Randall Cobb
8,Phillip Gaines
8,Paul Cornick
8,Pat Williams
8,Oniel Cousins
8,Nick Roach
8,Nic Harris
8,Nedu Ndukwe
8,Naufahu Tahi
8,Muhsin Muhammad
8,Mistral Raymond
8,Mike Leach
8,Mike Brown
8,Michael Mauti
8,Michael Floyd
8,Michael Clayton
8,Michael Bush
8,Matt Conrath
8,Matt Cassel
8,Mark Barron
8,Marcus Thomas
8,Marcus McNeill
8,Marcus Easley
8,L.J. Smith
8,LeRoy Hill
8,Lawrence Timmons
8,Landon Johnson
8,Lamarcus Joyner
8,Kyle Cook
8,Khiry Robinson
8,Kevin Ogletree
8,Kevin Boothe
8,Kelvin Beachum
8,Kelechi Osemele
8,Keith Ellison
8,Kassim Osgood
8,Josh Thomas
8,Josh Huff
8,Joseph Fauria
8,Jordan Senn
8,Jordan Hill
8,Jo-Lonn Dunbar
8,Joe Flacco
8,Jerome Harrison
8,Jeremiah Attaochu
8,Jeff Maehl
8,Javon Ringer
8,Jason Witten
8,Jason Pinkston
8,Jason Hanson
8,Janoris Jenkins
8,Jamie Collins
8,Jaiquawn Jarrett
8,Jacques Cesaire
8,Jacob Ford
8,Isaiah Trufant
8,Ike Taylor
8,Golden Tate
8,Glenn Foster
8,Fletcher Cox
8,Eric Weddle
8,Eric Reid
8,Eric Frampton
8,Earl Wolff
8,Duke Ihenacho
8,Drayton Florence
8,Doug Martin
8,Doug Legursky
8,Doug Free
8,Donald Jones
8,Dezman Moses
8,DeVonte Holloman
8,Derrick Johnson
8,Derek Landri
8,Derek Anderson
8,Dennis Pitta
8,DeMarco Sampson
8,DeJon Gomes
8,David Vobora
8,Daryl Richardson
8,Darryl Morris
8,Danny Watkins
8,Cyrus Gray
8,Courtney Roby
8,Clinton Portis
8,C.J. Anderson
8,Chansi Stuckey
8,Cassius Vaughn
8,Casey Hampton
8,Cameron Morrah
8,Bryan Scott
8,Brodney Pool
8,Brian Robiskie
8,Brandon Bostick
8,Brad Hoover
8,Billy Cundiff
8,Ben Patrick
8,Ben Jones
8,Austin Seferian-Jenkins
8,Aubrayo Franklin
8,Artis Hicks
8,Arrelious Benn
8,Antonio Garay
8,Antonio Brown
8,Anthony Collins
8,Andre Roberts
8,Alshon Jeffery
8,Alan Branch
8,A.J. Edds
7,Zac Stacy
7,Zack Martin
7,Will Tukuafu
7,Will Smith
7,Wallace Wright
7,Vincent Fuller
7,Vic So'oto
7,Tyson Jackson
7,Tyler Sash
7,Tyler Polumbus
7,Trumaine McBride
7,Trevor Pryce
7,Trent Robinson
7,Travis Kirschke
7,Travis Carrie
7,Tramon Williams
7,Trai Essex
7,Thomas DeCoud
7,Terron Armstead
7,Terrell Manning
7,Terrance Knighton
7,Terrance Copper
7,Steve Heiden
7,Stanford Keglar
7,Spencer Lanning
7,Seneca Wallace
7,Sean Locklear
7,Santana Moss
7,Sammy Morris
7,Ryan Kerrigan
7,Ryan Jensen
7,Ronnie Brown
7,Rocky Bernard
7,Robert Woods
7,Roberto Wallace
7,Robert Blanton
7,Randy Moss
7,Ramon Foster
7,Raheem Brock
7,Philly Brown
7,Paul Fanaika
7,Patrick Mannelly
7,Ovie Mughelli
7,Orlando Scandrick
7,Nate Kaeding
7,Mike Gibson
7,Mewelde Moore
7,Matt Tobin
7,Matt McCants
7,Matt Kalil
7,Margus Hunt
7,Marcus Spears
7,Marcus Sherels
7,Marcus Roberson
7,Leigh Torrence
7,Lawrence Guy
7,Lavelle Hawkins
7,Lance Dunbar
7,Kyle Vanden Bosch
7,Kyle Knox
7,Kevin Vickerson
7,Kevin Minter
7,Kevin Curtis
7,Kelly Jennings
7,Keith Brooking
7,Keenan Robinson
7,Kealoha Pilares
7,Karl Paymah
7,Kareem McKenzie
7,Justin Tryon
7,Justin Gage
7,Jurrell Casey
7,J.R. Sweezy
7,Josh Martin
7,Josh Bush
7,Jordon Dizon
7,Jordan Reed
7,Jonathan Dwyer
7,Jonathan Cyprien
7,Johnny White
7,Johnnie Lee Higgins
7,John Moffitt
7,John Jerry
7,Joe Cohen
7,Jerome Simpson
7,Jermaine Cunningham
7,Jayme Mitchell
7,Javier Arenas
7,Jasper Brinkley
7,Jason Williams
7,Jason McCourty
7,Jason Kelce
7,Jason Hill
7,Jarvis Moss
7,Jarius Wright
7,Jared Crick
7,James Wright
7,Jamaal Anderson
7,Jalil Brown
7,Jack Williams
7,Jackie Battle
7,Jabari Price
7,Isaac Bruce
7,Isa Abdul-Quddus
7,George Wilson
7,George Iloka
7,Geoff Schwartz
7,Garrett Reynolds
7,Fozzy Whittaker
7,Fabian Washington
7,Everson Griffen
7,Eugene Wilson
7,Eric Foster
7,Eric Barton
7,Eric Alexander
7,Dwayne Allen
7,Dustin Colquitt
7,D.J. Moore
7,Dion Jordan
7,Devon Wylie
7,Deonte Thompson
7,Demorrio Williams
7,David Garrard
7,David DeCastro
7,David Buehler
7,Dave Tollefson
7,Dave Ball
7,Darnell Dinkins
7,Danny Trevathan
7,Daniel Loper
7,Curtis Brown
7,Correll Buckhalter
7,Cornelius Griffin
7,Cordarrelle Patterson
7,Cooper Taylor
7,Colin Allred
7,Clifton Ryan
7,C.J. Ah You
7,Chris McCain
7,Chris Jones
7,Chris Gocong
7,Chester Pitts
7,Chase Ford
7,Cedric Thornton
7,Casey Rabach
7,Cary Williams
7,Cameron Jordan
7,Byron Bell
7,Brock Bolen
7,Brian St. Pierre
7,Brian Schaefering
7,Brian Finneran
7,Brandon Weeden
7,Brandon Thompson
7,Brandon McManus
7,Brandon Bair
7,Blake Bortles
7,Blair White
7,Ben Obomanu
7,Bene Benwikere
7,Austin Spitler
7,Austen Lane
7,Anthony Dixon
7,Anthony Armstrong
7,Anthony Adams
7,Andrew Economos
7,Andre' Goodman
7,Andre Brown
7,Allen Bailey
7,Alex Carrington
7,A.J. Jefferson
7,A.J. Bouye
7,Adrian Wilson
6,Zack Follett
6,Zach Brown
6,Willie Parker
6,Walter McFadden
6,Victor Cruz
6,Tyler Patmon
6,Trevor Reilly
6,Travaris Cadet
6,Titus Brown
6,Tim Hightower
6,Terrelle Pryor
6,Taylor Lewan
6,Tavon Wilson
6,Stephon Gilmore
6,Stephen Williams
6,Stephen Tulloch
6,Spencer Paysinger
6,Sherrod Martin
6,Shawn Andrews
6,Shane Lechler
6,Sean McGrath
6,Sam Aiken
6,Ryan Taylor
6,Ryan Shazier
6,Ryan Harris
6,Ryan Fitzpatrick
6,Ron Parker
6,Rocky McIntosh
6,Ricky Jean-Francois
6,Ricky Brown
6,Rich Seubert
6,Richie Incognito
6,Reggie Smith
6,Ras-I Dowling
6,Quinton Spears
6,Prince Shembo
6,Preston Parker
6,Phillip Adams
6,Perry Riley
6,Omar Gaither
6,Nico Johnson
6,Nick Folk
6,Nate Livings
6,Nate Chandler
6,Moran Norris
6,Mitchell Schwartz
6,Mike Nugent
6,Mike McNeill
6,Mike Gandy
6,Maurice Morris
6,Matt Ware
6,Matt Ryan
6,Matt McCoy
6,Matt Bryant
6,Mathias Kiwanuka
6,Marvin Austin
6,Mardy Gilyard
6,Marcus Gilchrist
6,Madison Hedgecock
6,Madieu Williams
6,Linval Joseph
6,Leonard Little
6,Lee Smith
6,Larry Dean
6,Larry Asante
6,Lance Louis
6,LaMichael James
6,Kevin Payne
6,Kevin Cone
6,Kenbrell Thompkins
6,Kelley Washington
6,Kalvin Pearson
6,Justin Peelle
6,Justin Houston
6,Justin Bethel
6,Josh Gordon
6,Josh Boyd
6,Jorrick Calvin
6,Jordan Tripp
6,Jordan Babineaux
6,Jon Dorenbos
6,Jon Corto
6,Johnson Bademosi
6,John McCargo
6,Joe Hawley
6,Jimmy Kennedy
6,Jim Kleinsasser
6,Jermey Parnell
6,Jermaine Kearse
6,Jerick McKinnon
6,Jaylen Watkins
6,Jason Wright
6,Jason Trusnik
6,Jarriel King
6,Jamon Meredith
6,James Farrior
6,Jadeveon Clowney
6,Jacques Reeves
6,Henry Hynoski
6,Haruki Nakamura
6,Giovani Bernard
6,Gijon Robinson
6,Gerris Wilkinson
6,Gerald McRath
6,George Johnson
6,Gary Gibson
6,Gabe Carimi
6,Fred Robbins
6,Flozell Adams
6,Eugene Amano
6,Ed Stinson
6,Drew Coleman
6,Drew Brees
6,Don Jones
6,Donald Stephenson
6,Dominique Barber
6,Derrick Dockery
6,Deon Anderson
6,Delano Howell
6,Dawan Landry
6,David Jones
6,David Akers
6,Daryl Washington
6,Da'Rel Scott
6,Damaris Johnson
6,Dallas Thomas
6,Craig Steltz
6,Coty Sensabaugh
6,Cory Harkey
6,Corey White
6,Corey McIntyre
6,Colin Kaepernick
6,Colin Jones
6,Coby Fleener
6,Cliff Matthews
6,Chris Owusu
6,Chris Gronkowski
6,Chris Cooley
6,Chilo Rachal
6,Chad Simpson
6,Casey Hayward
6,Carlton Mitchell
6,Cameron Wake
6,Bryant Johnson
6,Bruce Irvin
6,Brittan Golden
6,Brit Miller
6,Brian Witherspoon
6,Brian Jackson
6,Brandon Watts
6,Brandon Underwood
6,Brandon McDonald
6,Brandon Keith
6,Brady Quinn
6,Benny Sapp
6,Bear Pascoe
6,Barry Cofield
6,Ashton Youboty
6,Armanti Edwards
6,Anthony Montgomery
6,Anthony Gaitor
6,Andy Dalton
6,Andre Caldwell
6,Alfonso Smith
6,Alex Parsons
6,Alex Brown
6,Adrien Robinson
5,Zach Sudfeld
5,Xavier Su'a-Filo
5,William Gholston
5,Walt Aikens
5,Vince Manuwai
5,Vaughn Martin
5,Tyrone Crawford
5,Tyrell Johnson
5,Trumaine Johnson
5,Trey Burton
5,Tommie Campbell
5,Thomas Keiser
5,Thaddeus Lewis
5,Terrance Williams
5,Taylor Thompson
5,Tavon Austin
5,Tashard Choice
5,Tandon Doss
5,Storm Johnson
5,Stewart Bradley
5,Steven Johnson
5,Stevan Ridley
5,Stephen Peterman
5,Stephen Hodge
5,Stefen Wisniewski
5,Shaun Draughn
5,Sealver Siliga
5,Scott Solomon
5,Ryan Sims
5,Ryan Grant
5,Ronnie Hillman
5,Rod Streater
5,Ricky Sapp
5,Richard Quinn
5,Reshard Langford
5,Reggie Torbor
5,Randy Starks
5,Quinton Dial
5,Quintin Mikell
5,Phillip Tanner
5,Philip Rivers
5,Perrish Cox
5,Patrick Crayton
5,Owen Marecic
5,Olivier Vernon
5,Olin Kreutz
5,Ogemdi Nwagbuo
5,Nick Miller
5,Nick Harper
5,Nick Foles
5,Nick Ferguson
5,Nate Irving
5,Myron Lewis
5,Mitch Unrein
5,Mike Thomas
5,Mike Martin
5,Mike Karney
5,Michael Roos
5,Michael Coe
5,Max Starks
5,Maurice Williams
5,Martavis Bryant
5,MarQueis Gray
5,Markus Wheaton
5,Marcus Stroud
5,Marcus Martin
5,Marcus Cooper
5,Marcus Ball
5,Luke Lawton
5,Luis Castillo
5,Logan Paulsen
5,Lerentee McCray
5,Leonard Weaver
5,Leger Douzable
5,Laurence Maroney
5,Lance Kendricks
5,Kyries Hebert
5,Kyle Wilber
5,Kyle Long
5,K'Waun Williams
5,Kroy Biermann
5,Ko Simpson
5,K.J. Wright
5,Kirk Morrison
5,Keyaron Fox
5,Kevin Pierre-Louis
5,Keshawn Martin
5,Kenny Demens
5,Kenneth Darby
5,Kenjon Barner
5,Kendrick Clancy
5,Kendall Langford
5,Kelvin Sheppard
5,Keith Tandy
5,Keith McGill
5,Keenan Clayton
5,Justin Tuggle
5,Justin Hunter
5,Justin Blackmon
5,Justin Bannan
5,Julian Vandervelde
5,J.T. Thomas
5,Josh McCown
5,Josh Hull
5,Josh Bynes
5,Jorvorskie Lane
5,Jordan Todman
5,Jordan Matthews
5,Jordan Gross
5,Jon Kitna
5,John Skelton
5,John Denney
5,Joe Webb
5,Joe Nedney
5,J.J. Wilcox
5,Jeromy Miles
5,Jeremy Jarmon
5,Jeff Linkenbach
5,Jeff King
5,Jeff Heath
5,Jeff Backus
5,Jaye Howard
5,Jason Babin
5,Jarvis Jones
5,James Davis
5,James Butler
5,Jamaal Westerman
5,Jake Knott
5,Jake Grove
5,Isaac Sopoaga
5,Gary Barnidge
5,Garrett Hartley
5,Fernando Velasco
5,Evan Moore
5,Evander Hood
5,Eric Weems
5,Eric Martin
5,Eric Hagg
5,Eric Ebron
5,Emmanuel Lamur
5,Ellis Hobbs
5,EJ Manuel
5,Earl Thomas
5,Donald Penn
5,Diyral Briggs
5,Devon Kennard
5,Devin Thomas
5,Derrick Shelby
5,Derrick Roberson
5,Derek Carr
5,DeMarcus Van Dyke
5,De'Anthony Thomas
5,David Johnson
5,Datone Jones
5,Darren Howard
5,Daren Bates
5,Dantrell Savage
5,Danny Aiken
5,Dan Koppen
5,Curtis Johnson
5,Craig Davis
5,Courtney Upshaw
5,Corey Graham
5,Clint Sintim
5,Clifton Smith
5,Christian Yount
5,Chris Jennings
5,Chris Horton
5,Chris Hope
5,Chris Clark
5,Chike Okeafor
5,Charles Mitchell
5,Cameron Bradfield
5,Byron Stingily
5,Bryan Stork
5,Bryan Kehl
5,Bruce Ellington
5,Brian Schwenke
5,Brandon Tate
5,Brandon Magee
5,Brandon Jones
5,Brandon Johnson
5,Brandon Hughes
5,Brandon Harris
5,Brandon Fields
5,Bjoern Werner
5,Ben Leber
5,Ben Hamilton
5,Austin Pettis
5,A.Q. Shipley
5,Antoine Harris
5,Anthony Walters
5,Anthony McCoy
5,Anthony Johnson
5,Anthony Barr
5,Andy Studebaker
5,Andre' Davis
5,Allen Rossum
5,Allen Hurns
5,Allen Barbre
5,Alex Okafor
5,A.J. Klein
5,Adrian Clayborn
5,Adam Vinatieri
5,Ace Sanders
5,Abram Elam
4,Winston Guy
4,Will Yeatman
4,Vernon Gholston
4,Tyrone Culver
4,Tyler Eifert
4,Tyler Clutts
4,Ty Law
4,Troy Nolan
4,Travis Fisher
4,Tony Jerod-Eddie
4,Tommy Streeter
4,T.J. McDonald
4,Thomas Johnson
4,Terrell McClain
4,Steve Maneri
4,Stephen Schilling
4,Sean Porter
4,Scott Paxson
4,Sam Hurd
4,Sam Barrington
4,Ryan Miller
4,Russ Hochstein
4,Roy Helu
4,Roscoe Parrish
4,Ronald Leary
4,Roddrick Muckelroy
4,Rock Cartwright
4,Robert McClain
4,Robbie Gould
4,Ricky Williams
4,Richard Goodman
4,Rex Grossman
4,Renaldo Hill
4,Remi Ayodele
4,Randell Johnson
4,Rafael Bush
4,Quinn Johnson
4,Quanterus Smith
4,Pierson Prioleau
4,Phillip Dillard
4,Peter Konz
4,Pat Watkins
4,Patrick Turner
4,Pat Devlin
4,Parys Haralson
4,Orlando Pace
4,Niles Paul
4,Niko Koutouvides
4,Nick Sorensen
4,Nick Eason
4,Neiko Thorpe
4,Ndamukong Suh
4,Nate Byham
4,Najee Goode
4,Montrae Holland
4,Mike Vrabel
4,Mike Rivera
4,Mikel Leshoure
4,Michael Buchanan
4,Melvin White
4,Maurice Hurt
4,Matt Prater
4,Matt Johnson
4,Matt Daniels
4,Martin Tevaseu
4,Marqise Lee
4,Marlin Jackson
4,Marcus Burley
4,Malik Jackson
4,Mackenzy Bernadeau
4,Lynell Hamilton
4,Lyle Sendlein
4,Luke Willson
4,Lucas Nix
4,Lousaka Polite
4,Le'Veon Bell
4,LeQuan Lewis
4,Larry Izzo
4,Langston Walker
4,Ladell Betts
4,Ladarius Green
4,Kyle Fuller
4,Kyle DeVan
4,Kyle Boller
4,Kurt Warner
4,Kris Wilson
4,Kris Dielman
4,Kion Wilson
4,Khaled Holmes
4,Kenny Stills
4,Kennard Cox
4,Ken Lucas
4,Kellen Clemens
4,Keith Bulluck
4,Kawann Short
4,Justin Francis
4,Justin Fargas
4,Josh Reed
4,Josh Norman
4,Josh Hill
4,Josh Cooper
4,Josh Chapman
4,Jonotthan Harrison
4,Jonathon Amaya
4,Jonathan Meeks
4,Jonathan Dowling
4,Jonathan Cooper
4,Jonathan Bostic
4,Jonas Mouton
4,John Wendling
4,Johnthan Banks
4,Joe Morgan
4,Joe Lefeged
4,Joe Berger
4,Jim Sorgi
4,Jimmy Wilkerson
4,Jeron Mastrud
4,Jerome Murphy
4,Jeremy Thompson
4,Jeremy Stewart
4,Jeremiah George
4,Jeff Byers
4,Jay Feely
4,Jason Verrett
4,Jason Kyle
4,Jason Elam
4,Jason Brown
4,Jarrett Boykin
4,Jared Veldheer
4,Jamize Olawale
4,Jamie Harper
4,James Dockery
4,Jamar Williams
4,Jake O'Connell
4,Jake Matthews
4,Jaimie Thomas
4,Jacob Bell
4,Jace Amaro
4,Jabar Gaffney
4,Ian Williams
4,Hunter Smith
4,Hunter Hillenmeyer
4,Greg Little
4,Glen Coffee
4,Gibril Wilson
4,Geno Atkins
4,Gavin Escobar
4,Garry Williams
4,Gabe Jackson
4,Frank Walker
4,Frank Kearse
4,Frank Alexander
4,Emmanuel Acho
4,Edwin Williams
4,Doug Worthington
4,Dorin Dickerson
4,Dexter Davis
4,Devery Henderson
4,DeShawn Wynn
4,Demar Dotson
4,Delone Carter
4,D.D. Lewis
4,David Herron
4,David Anderson
4,Darqueze Dennard
4,Darius Slay
4,Daniel Graham
4,Damontre Moore
4,Cullen Loeffler
4,Craig Robertson
4,Coye Francies
4,Cordy Glenn
4,Cordarro Law
4,Cooper Carlisle
4,Colin Cole
4,Cody Parkey
4,Cody Glenn
4,C.J. Spillman
4,Christine Michael
4,Chris Hogan
4,Chris Gragg
4,Chris DeGeare
4,Casey Fitzsimmons
4,Brynden Trawick
4,Brian Williams
4,Brian Leonhardt
4,Brett Kern
4,Brandon Williams
4,Brandon Mosley
4,Brandon Jackson
4,Brandon Fusco
4,Bo Scaife
4,Bobby Rainey
4,Bobbie Williams
4,Blair Walsh
4,Billy Turner
4,Benny Cunningham
4,Ben Graham
4,Auston English
4,Arthur Brown
4,Antonio Dixon
4,Anthony Toribio
4,Anthony Castonzo
4,Anthony Bryant
4,Andy Mulumba
4,Andrew Gachkar
4,Amobi Okoye
4,Alex Magee
4,Alex Albright
4,Akeem Ayers
4,A.J. Jenkins
4,A.J. Hawk
4,Ahmad Dixon
4,Adrian Arrington
4,Adam Seward
3,Zak DeOssie
3,Zach Fulton
3,Zach Ertz
3,Xavier Nixon
3,Will Johnson
3,William Powell
3,William Compton
3,Will Hill
3,Will Beatty
3,Vinny Ciurciu
3,Tyrann Mathieu
3,Ty Powell
3,Troy Smith
3,Troy Niklas
3,Trent Edwards
3,Trai Turner
3,Torrie Cox
3,Tony Moll
3,Tony Gilbert
3,Tony Carter
3,Todd Johnson
3,T.J. Graham
3,Tim Lelito
3,Tim Crowder
3,Tim Barnes
3,Terrence Johnson
3,Terrence Austin
3,Ted Larsen
3,Teddy Williams
3,Tanner Purdum
3,Steve Williams
3,Steve Slaton
3,Stephen McGee
3,Stacy Andrews
3,Spencer Ware
3,Solomon Patton
3,Silas Redd
3,Seth Olsen
3,Scott Starks
3,Scott Mruczkowski
3,Sam Young
3,Ryan Williams
3,Ryan McBean
3,Ryan Kalil
3,Ryan Griffin
3,Ryan Donahue
3,Ryan Davis
3,Ross Ventrone
3,Rod Sweeting
3,Rodney McLeod
3,Rodney Hudson
3,Roc Carmichael
3,Robert Turbin
3,Robert Quinn
3,Robert Nelson
3,Robert Lester
3,Rishard Matthews
3,Riley Reiff
3,Rico Murray
3,Rex Burkhead
3,Reggie Brown
3,Quinton Pointer
3,Quinn Porter
3,Prescott Burgess
3,Phillip Daniels
3,Paul Worrilow
3,Paul McQuistan
3,Patrick Kerney
3,Patrick Edwards
3,Otis Hudson
3,Nigel Bradham
3,Nathan Stupar
3,Nate Potter
3,Nate Collins
3,Mohamed Sanu
3,Mike Schneck
3,Mike Remmers
3,Mike Catapano
3,Mickey Shuler
3,Michael Gaines
3,Michael Bowie
3,Micah Hyde
3,M.D. Jennings
3,Matt Katula
3,Matt Flynn
3,Mason Crosby
3,Marqueston Huff
3,Marcus Smith
3,Marc Bulger
3,Ma'ake Kemoeatu
3,Luke Bowanko
3,Louis Nix
3,Lorenzo Booker
3,Limas Sweed
3,Lawrence Tynes
3,LaVon Brazill
3,Laveranues Coles
3,Lavar Edwards
3,Larry Warford
3,LaRoy Reynolds
3,LaQuan Williams
3,LaMont Jordan
3,Kynan Forney
3,Kris Jenkins
3,Khairi Fortt
3,Kerry Meier
3,Ken Hamlin
3,Kai Forbath
3,Justin Pugh
3,Justin Jenkins
3,Justin Griffith
3,Julius Williams
3,Jovan Belcher
3,Josh Victorian
3,Josh Scobee
3,Jordan Norwood
3,Jonte Green
3,Jonathan Wade
3,Jonathan Luigs
3,John Simon
3,John Brown
3,Jimmie Ward
3,Jevon Kearse
3,Jesse Holley
3,Jerrel Jernigan
3,Jerome Boyd
3,Jeremy Ware
3,Jeremi Johnson
3,Jed Collins
3,Jay Prosch
3,Jawanza Starling
3,Javon Walker
3,Jarrod Shaw
3,Jaron Brown
3,Jamie Winborn
3,Jamie Silva
3,James Jones
3,Jamar Chaney
3,Isaiah Frey
3,Hank Fraley
3,Gerard Warren
3,Gerald Hodges
3,Gaines Adams
3,Fred Davis
3,Frank Omiyale
3,Frank Okam
3,Everette Brown
3,Evan Royster
3,Ethan Westbrooks
3,Eric Steinbach
3,Eric Kush
3,Eric King
3,E.J. Gaines
3,Dri Archer
3,Doug Hogue
3,Don Muhlbach
3,Don Barclay
3,Donald Washington
3,Dimitri Nance
3,Derrick Williams
3,Derek Hagan
3,Dennis Northcutt
3,Dennis Kelly
3,Denard Robinson
3,Demario Davis
3,Deji Karim
3,D'Brickashaw Ferguson
3,Danny Noble
3,Danny Gorrer
3,Dan Kreider
3,Dallas Reynolds
3,Daimion Stafford
3,Curtis Marsh
3,Cornell Green
3,Cornelius Washington
3,Cordaro Howard
3,Cody Latimer
3,Cody Grimm
3,C.J. Wallace
3,C.J. Mosley
3,C.J. Fiedorowicz
3,Chris Samuels
3,Chris Maragos
3,Chris Hoke
3,Chris Henry
3,Chris Givens
3,Chris Davis
3,Chris Chester
3,Chris Chamberlain
3,Chase Reynolds
3,Chase Coffman
3,Charly Martin
3,Charlie Whitehurst
3,Charles Sims
3,Casey Wiegmann
3,Carrington Byndom
3,Carlos Hyde
3,Cam Johnson
3,Cameron Heyward
3,Calvin Pryor
3,Caleb Sturgis
3,Byron Westbrook
3,Bryan McCann
3,Bruce Gaston
3,Brian Rolle
3,Brian Moorman
3,Brian Hoyer
3,Brandon Smith
3,Brandon King
3,Brandon Carr
3,Bradley McDougald
3,Bobby Wagner
3,Billy Bajema
3,Ben Garland
3,Bashaud Breeland
3,Baron Batch
3,Bacarri Rambo
3,Armonty Bryant
3,Armon Binns
3,Antwan Odom
3,Antone Exum
3,Anthony Madison
3,Anthony Hitchens
3,Andre Neblett
3,Andre Frazier
3,Alvin Bailey
3,Alfred Morris
3,Albert Wilson
3,Alan Faneca
3,Alameda Ta'amu
3,A.J. Feeley
3,Ahmard Hall
3,Ahman Green
3,Adewale Ojomo
3,Aaron Smith
3,Aaron Morgan
3,Aaron Brown
2,Zoltan Mesko
2,Zack Pianalto
2,Zach Line
2,Will Ta'ufo'ou
2,Willie Smith
2,William Middleton
2,William Gay
2,Walter Jones
2,Vince Williams
2,Vincent Rey
2,Tyrone McKenzie
2,Tyrone Carter
2,Troy Kropog
2,Trevor Ford
2,Trent Murphy
2,Travis LaBoy
2,Tony Stewart
2,Tony Richardson
2,Tony Pike
2,Todd Yoder
2,T.J. Houshmandzadeh
2,Thomas Morstead
2,Thomas Jones
2,Terrence Fede
2,Terrance Mitchell
2,Teddy Bridgewater
2,Stylez G. White
2,Stevie Brown
2,Stefan Charles
2,Star Lotulelei
2,Stansly Maponga
2,Stanley Arnoux
2,Stanford Routt
2,Stacy McGee
2,Shelley Smith
2,Shawn Williams
2,Shaun Suisham
2,Shaun Smith
2,Shaun Prater
2,Shann Schillinger
2,Scotty McGee
2,Scott Kooistra
2,Scott Crichton
2,Sanders Commings
2,Samkon Gado
2,Ryan Nassib
2,Ryan Mundy
2,Ryan Mahaffey
2,Ryan Broyles
2,Russell Allen
2,Rueben Randle
2,Ronnell Lewis
2,Rod Harper
2,Rob Francois
2,Robert Alford
2,Rich Ranglin
2,Ricardo Mathews
2,Rhys Lloyd
2,Reggie Kelly
2,Rashad Jeanty
2,Randy McMichael
2,Rahim Moore
2,Quinton Patton
2,Pierre Woods
2,Phillip Merling
2,Phillip Hunt
2,Patrick DiMarco
2,Olindo Mare
2,Nick Sundberg
2,Nick Moody
2,Nick Harris
2,Nathan Vasher
2,Nate Eachus
2,Naaman Roosevelt
2,Montee Ball
2,Mohammed Seisay
2,Mitch Petrus
2,Mike Peterson
2,Mike Newton
2,Mike Morgan
2,Mike Montgomery
2,Mike James
2,Michael Wilhoite
2,Michael Person
2,Michael Ola
2,Michael Hamlin
2,Michael Egnew
2,Max Hall
2,Max Bullough
2,Matt Leinart
2,Marques Harris
2,Marquand Manuel
2,Markus Zusevics
2,Mark Roman
2,Mark Brunell
2,Mario Harvey
2,Marcus Thigpen
2,Manase Tonga
2,Malliciah Goodman
2,Lydon Murtha
2,Louis Leonard
2,Lionel Dotson
2,Levi Brown
2,Leonard Johnson
2,LenDale White
2,Le Kevin Smith
2,Latavius Murray
2,Larry Johnson
2,LaRon Byrd
2,Lane Johnson
2,Landon Cohen
2,Lamin Barrow
2,Lamarr Houston
2,LaJuan Ramsey
2,Kyle Wilson
2,Kris Brown
2,Konrad Reuland
2,K.J. Gerard
2,Keydrick Vincent
2,Kevin Rutland
2,Kevin Reddick
2,Kevin Mawae
2,Kevin Brock
2,Kenny Vaccaro
2,Kenny Onatolu
2,Kendall Hunter
2,Kemal Ishmael
2,Kelvin Benjamin
2,Kellen Heard
2,Keith Williams
2,Kawika Mitchell
2,Karl Klug
2,Kareem Huggins
2,Kahlil Bell
2,Jyles Tucker
2,Justin Hartwig
2,Justin Britt
2,Josh McNary
2,Josh Kaddu
2,Josh Boyce
2,Josh Bidwell
2,Josh Bellamy
2,Jordan Shipley
2,Jon Weeks
2,Jonathan Stupar
2,Jonathan Massaquoi
2,Jonathan Martin
2,Jonathan Grimes
2,Jonathan Goff
2,Jon Alston
2,John Phillips
2,John Paul Foschi
2,John Kasay
2,Johnathan Franklin
2,Joe Anderson
2,Jimmy Clausen
2,Jerron McMillian
2,Jerrell Powe
2,Jeremy Hill
2,Jeremiah Trotter
2,Jeff Charleston
2,Jayrone Elliott
2,Ja'Wuan James
2,Jason Ferguson
2,Jarvis Landry
2,James Hanna
2,Jake Scott
2,Jakar Hamilton
2,Jacquizz Rodgers
2,Jacob Cutrera
2,Jack Mewhort
2,Isaiah Crowell
2,IK Enemkpali
2,Igor Olshansky
2,Howard Green
2,Henoc Muamba
2,Heath Farwell
2,Hank Baskett
2,Hamza Abdullah
2,Greg Van Roten
2,Greg Lewis
2,Greg Estandia
2,Graham Gano
2,Glenn Carson
2,Gino Gradkowski
2,Gerard Lawson
2,Gerald Alexander
2,Gabe Miller
2,Frankie Hammond
2,Fendi Onobun
2,Ervin Baldwin
2,Erik Pears
2,Erik Ainge
2,Eric Heitmann
2,Eric Bakhtiari
2,E.J. Wilson
2,Ego Ferguson
2,Edward Johnson
2,Dylan Gandy
2,Dwayne Jarrett
2,Duron Harmon
2,Dontari Poe
2,Dominique Davis
2,Dominic Raiola
2,Devin Taylor
2,Devin Aromashodu
2,Derek Fine
2,Deon Grant
2,Deone Bucannon
2,Dennis Roland
2,Dennis Dixon
2,Demetrius Williams
2,Demarcus Lawrence
2,DelJuan Robinson
2,Davon Coleman
2,David Tyree
2,David Nixon
2,David Fales
2,David Bakhtiari
2,David Amerson
2,D'Aundre Reed
2,Darrion Weems
2,Darrin Reaves
2,Danny Clark
2,Daniel Coats
2,Daniel Adongo
2,Dan Herron
2,Dan Gronkowski
2,Damione Lewis
2,Damien Williams
2,DaJuan Morgan
2,Curtis Brinkley
2,Crockett Gillmore
2,Crezdon Butler
2,Craig Terrill
2,Craig Hentrich
2,Coy Wire
2,Cory Greenwood
2,Cody White
2,Cody Wallace
2,Cody Davis
2,Clint Boling
2,Clark Harris
2,Chris Wilson
2,Chris Watt
2,Christo Bilukidi
2,Chris Rainey
2,Chris Prosinski
2,Chris Lewis-Harris
2,Chris Hovan
2,Chris Draft
2,Chris Chambers
2,Chris Borland
2,Chester Taylor
2,Chance Warmack
2,Chad Henne
2,Casey Matthews
2,Case Keenum
2,Cary Harris
2,Cameron Lawrence
2,Bront Bird
2,Brock Coyle
2,Britton Colquitt
2,Brian Winters
2,Brian De La Puente
2,Bret Lockett
2,Brandyn Dombrowski
2,Brandon Taylor
2,Brandon Saine
2,Brandon McKinney
2,Brandon Linder
2,Brad Smelley
2,Brad Maynard
2,Bradley Sowell
2,Bob Sanders
2,Bobby Carpenter
2,B.J. Askew
2,Bill Nagy
2,Bennie Logan
2,Ben Ijalana
2,Ben Bass
2,Beau Allen
2,Barry Richardson
2,Arthur Moats
2,Antonio Pierce
2,Antonio Coleman
2,Antoine Cason
2,Anthony Levine
2,Andrew Gardner
2,Andre Carter
2,Andra Davis
2,Ali Highsmith
2,Alfred Blue
2,Alfonso Boone
2,Akin Ayodele
2,A.J. McCarron
2,Ahmad Black
2,Adewale Ogunleye
2,Adam Carriker
2,Abry Jones
2,Aaron Schobel
2,Aaron Brewer
1,Zane Beadles
1,Zach Potter
1,Zach Mettenberger
1,Zach Kerr
1,Yamon Figurs
1,Xavier Omon
1,Will Sutton
1,Weston Richburg
1,Weslye Saunders
1,Vick Ballard
1,Tyron Brackenridge
1,Tyjuan Hagler
1,Tye Hill
1,Trevor Robinson
1,Trevard Lindley
1,Tramain Jacobs
1,Tourek Williams
1,Torry Holt
1,Torri Williams
1,Torrance Daniels
1,Tony Wragge
1,Tony Jefferson
1,Tony Hills
1,Tom Savage
1,Tom Compton
1,Todd Collins
1,Todd Bouman
1,Tiquan Underwood
1,Thomas Williams
1,Terren Jones
1,Terrelle Smith
1,Terence Garvin
1,Taylor Gabriel
1,Taylor Boggs
1,Tank Tyler
1,Taj Smith
1,Tahir Whitehead
1,Sylvester Williams
1,Steve Vallos
1,Steven Hauschka
1,Stepfan Taylor
1,Stefan Logan
1,Stedman Bailey
1,Sinorice Moss
1,Shayne Graham
1,Shaun Chapas
1,Seyi Ajirotutu
1,Sean Jones
1,Sean Baker
1,Sam Williams
1,Sam Montgomery
1,Sam Martin
1,Sam Brenner
1,Sam Acho
1,Saalim Hakim
1,Ryan Whalen
1,Ryan Succop
1,Ryan Seymour
1,Ryan Pontbriand
1,Ryan Moats
1,Ryan Mallett
1,Ryan Hewitt
1,Ryan Fowler
1,Ryan Denney
1,Ryan Carrethers
1,Rudy Niswanger
1,Roydell Williams
1,Rontez Miles
1,Ronald Powell
1,Ronald Fields
1,Rokevious Watkins
1,Roger Allen
1,Rodney Leisle
1,Rocky Boiman
1,Robert Malone
1,Robert James
1,Robert Hughes
1,Robert Herron
1,Robert Henson
1,Ricky Schmitt
1,Richie Brockel
1,Richard Crawford
1,Reid Fragel
1,Reggie Corner
1,Ramon Harewood
1,Quinton Ganther
1,Quinten Lawrence
1,Quinn Ojinnaka
1,Quincy Butler
1,Pierre Desir
1,Phillip Supernaw
1,Philip Blake
1,Peyton Thompson
1,Paul Richardson
1,Paul Hazel
1,Patrick Cobbs
1,Pat McQuistan
1,Pat McAfee
1,Owen Schmitt
1,Orien Harris
1,Oren O'Neal
1,Odell Beckham
1,Nick Toon
1,Nick Kasa
1,Nickell Robey
1,Nate Menkin
1,Nate Jones
1,Nate Davis
1,Nat Berhe
1,Morgan Moses
1,Morgan Cox
1,Montori Hughes
1,Mike Windt
1,Mike Richardson
1,Mike Goff
1,Mike Daniels
1,Mike Cox
1,Mike Brewster
1,Mike Balogun
1,Michael Koenen
1,Michael Campanaro
1,Michael Brockers
1,McLeod Bethel-Thompson
1,Matt Turk
1,Matt Stover
1,Matt Simms
1,Matthew Mulligan
1,Matt Elam
1,Marvin McNutt
1,Marty Booker
1,Martin Wallace
1,Marshall McFadden
1,Marquess Wilson
1,Markus White
1,Mark Jones
1,Markelle Martin
1,Mario Henderson
1,Mario Addison
1,Marcus Paschal
1,Marcus Johnson
1,Marc Mariani
1,Mansfield Wrotto
1,Malcolm Williams
1,Luke Joeckel
1,Lowell Rose
1,Loucheiz Purifoy
1,Lorenzo Taliaferro
1,Lex Hilliard
1,Leon Williams
1,Leonard Davis
1,Lemuel Jeanpierre
1,Lawrence Sidbury
1,Larry Hart
1,Lane Taylor
1,Landry Jones
1,Lance Ball
1,Kyle Van Noy
1,Kyle Nelson
1,Kyle Juszczyk
1,Kyle Eckel
1,Kyle Adams
1,Kris Durham
1,Korey Lindsey
1,Kony Ealy
1,Kirk Cousins
1,Kirk Chambers
1,Kiko Alonso
1,Khalil Mack
1,Kevin Pamphile
1,Kevin Norwood
1,Kevin Huber
1,Kevin Ellison
1,Kevin Alexander
1,Kerwynn Williams
1,Kerry Taylor
1,Kentwan Balmer
1,Kenny McKinley
1,Kendall Simmons
1,Kendall Reyes
1,Ken Bishop
1,Kelly Talavou
1,Kelly Gregg
1,Keiwan Ratliff
1,Keith Zinger
1,Keith Toston
1,Keiland Williams
1,Keenan Burton
1,K.C. Asiodu
1,Kasey Studdard
1,Kamar Aiken
1,Ka'lial Glaud
1,Kaelin Burnett
1,Justin Trattou
1,Justin Snow
1,Justin Harper
1,Justin Gilbert
1,Justin Cole
1,Jumal Rolle
1,Julian Stanford
1,Jovan Haye
1,Josh Wells
1,Josh Vaughan
1,Josh Samuda
1,Josh Johnson
1,Josh Bullocks
1,Josh Aubrey
1,Joseph Randle
1,Joselio Hanson
1,Jordan Poyer
1,Jordan Palmer
1,Jordan Miller
1,Jordan Black
1,Jon Condo
1,Jonathan Holland
1,Johnnie Troutman
1,John Jenkins
1,John Carney
1,John Busing
1,Joe Porter
1,Joe Klopfenstein
1,Joe Adams
1,J'Marcus Webb
1,Jim Cordle
1,Jerry Franklin
1,Jerramy Stevens
1,Jerome Couplin
1,Jermale Hines
1,Jermaine Phillips
1,Jeremy Ross
1,Jeremy Horne
1,Jeremy Ebert
1,Jeremy Bridges
1,Jeremiah Johnson
1,Jeff Ulbrich
1,Jeff Reed
1,Jeff Demps
1,Jayson DiManche
1,Javarris James
1,Jarvis Jenkins
1,Jarett Dillard
1,James Nixon
1,James Brown
1,Jamal Williams
1,Jake Stoneburner
1,Jake McQuaide
1,Jake Byrne
1,Jackson Jeffcoat
1,Jackie Bates
1,Jack Doyle
1,Ishmaa'ily Kitchen
1,Isaiah Pead
1,Isaiah Burse
1,Ikechuku Ndukwe
1,Ikaika Alama-Francis
1,Herman Johnson
1,H.B. Blades
1,Greg Zuerlein
1,Greg Warren
1,Greg McElroy
1,Greg Camarillo
1,Glenn Winston
1,Garrison Sanborn
1,Garrett Wolfe
1,Garrett Gilkey
1,Fred Smoot
1,Freddy Keiaho
1,Frank Summers
1,Fitzgerald Toussaint
1,Evan Rodriguez
1,Ernest Wilford
1,Eric Moore
1,Eric Herman
1,Emmanuel Stephens
1,Edwin Baker
1,Earl Watford
1,Dustin Hopkins
1,Duke Williams
1,Drew Butler
1,Donnie Fletcher
1,Dominique Curry
1,Dominic Rhodes
1,D.J. Johnson
1,Dion Lewis
1,Dhani Jones
1,Dezmen Southward
1,Devin Holland
1,Deuce Lutui
1,Desmond Trufant
1,DeShawn Shead
1,Derrick Coleman
1,Derek Walker
1,Derek Carrier
1,DeQuin Evans
1,Dennis Johnson
1,Demontre Hurst
1,Demetrius McCray
1,Demetri Goodson
1,Demetric Evans
1,Dee Ford
1,Dedrick Epps
1,DeAngelo Tyson
1,D.C. Jefferson
1,David Sims
1,David Roach
1,David Hale
1,David Clowney
1,David Bass
1,Dave Rayner
1,Davante Adams
1,Darryl Blackstock
1,Darrell Reid
1,Darius Johnson
1,D'Anthony Batiste
1,Dante Wesley
1,Daniel Sepulveda
1,Daniel Kilgore
1,Daniel Federkeil
1,Da'Mon Cromartie-Smith
1,Damion Square
1,Dalton Freeman
1,Curtis Taylor
1,Curtis Painter
1,Craig Loston
1,Corey Nelson
1,Corey Lynch
1,Colin Baxter
1,Clifton Geathers
1,Christian Thompson
1,Christian Ballard
1,Chris Simms
1,Chris McAlister
1,Chris Matthews
1,Chris Ellis
1,Chris Brown
1,Chauncey Davis
1,Chase Minnifield
1,Charlie Frye
1,Charles Grant
1,Cassius Marsh
1,Carey Davis
1,Caraun Reid
1,Cameron Sheffield
1,Caleb Schlauderaff
1,B.W. Webb
1,Bryce Harris
1,Bryce Brown
1,Bryan Walters
1,Bryan Anger
1,Bruce Johnson
1,Brock Vereen
1,Brock Osweiler
1,Brice Butler
1,Brian Tyms
1,Brian Sanford
1,Brian Iwuh
1,Brian Clark
1,Brett Swain
1,Bobby Massie
1,Billy Volek
1,Bertrand Berry
1,Benson Mayowa
1,Ben Jacobs
1,Barry Sims
1,Barrett Jones
1,Austin Johnson
1,Audie Cole
1,Atiyyah Ellison
1,Armando Allen
1,Anthony Henry
1,Anthony Denham
1,Andrew Norwell
1,Andrew Jackson
1,Andre Williams
1,Al Woods
1,Al Louis-Jean
1,Allen Robinson
1,Allen Reisner
1,Alex Hall
1,Alex Barron
1,Alec Ogletree
1,Aldrick Robinson
1,Adrian Tracy
1,Adrian Robinson
1,Adrian Moten
1,Adrian Hamilton
1,Adrian Awasom
1,Adam Podlesh
1,Adalius Thomas
1,Abdul Hodge
1,Aaron Rouse
1,Aaron Donald
1,Aaron Colvin
